{
    "loss": 0.3623029589653015,
    "accuracy": 0.8681318759918213
}